,all_out_points,all_outs,capture_points,defence_touch_points,defending_bonus_points,draws,empty_raid,extra_points,green_cards,highest_score,losses,matches,max_win_margin,name,player_team,points,raid_bonus_points,raid_touch_points,raids,rank,red_cards,score_difference,isWinner,isTopLeague,series_id,series_name,isTopRaidPoint,success_raid_percent,success_raids,success_tackles,super_raids,super_tackles,tackle_bonus_points,tackle_points,tackle_success_rate,tackles,team_id,titles,top_all_rounder_value,top_allrounder,top_allrounder_id,top_defender,top_defender_id,top_defender_value,top_raider,top_raider_id,top_raider_value,total_defending_points,total_raid_points,unsuccesful_tackles,unsuccess_raids,wins,yellow_cards
0,22,11,,122,16,1,187,3,5,"{'match_id': 10, 'match_date': '2014-07-31', 'venue_id': 4, 'venue_name': 'Netaji Subhash Chandra Bose Indoor Stadium, Kolkata', 'team_id': 2, 'team_name': 'Dabang Delhi K.C.', 'highest_score': 42}",9,14,"{'match_id': 23, 'match_date': '2014-08-08', 'venue_id': 6, 'venue_name': 'Patliputra Sports Complex, Patna', 'team1_id': 4, 'team1_name': 'Bengal Warriors', 'team1_score': 40, 'team2_id': 8, 'team2_name': 'Telugu Titans', 'team2_score': 35, 'max_win_margin': 5}",Bengal Warriors,0,24,63,220,546,7,0,24,0,0,1,"Pro Kabaddi League Season 1, 2014",0,52,213,106,11,16,,122,32,381,4,,,,,Nilesh Shinde,73,28,Nitin Madane,75,101,122,283,275,146,4,0
1,20,10,,136,21,1,310,27,9,"{'match_id': 112, 'match_date': '2015-08-16', 'venue_id': 7, 'venue_name': 'Shree Shiv Chhatrapati Sports Complex, Pune', 'team_id': 3, 'team_name': 'Jaipur Pink Panthers', 'highest_score': 39}",9,14,"{'match_id': 97, 'match_date': '2015-08-08', 'venue_id': 2, 'venue_name': 'Thyagaraj Sports Complex, Delhi', 'team1_id': 2, 'team1_name': 'Dabang Delhi K.C.', 'team1_score': 17, 'team2_id': 4, 'team2_name': 'Bengal Warriors', 'team2_score': 20, 'max_win_margin': 3}",Bengal Warriors,0,27,33,151,595,6,0,90,0,0,2,"Pro Kabaddi League Season 2, 2015",0,31,134,116,9,21,,136,44,306,4,,19,Dinesh Kumar,182,Nilesh Shinde,73,27,Mahendra Ganesh Rajput,163,55,136,184,190,151,4,0
2,34,17,,150,13,0,345,26,7,"{'match_id': 170, 'match_date': '2016-02-27', 'venue_id': 2, 'venue_name': 'Thyagaraj Sports Complex, Delhi', 'team_id': 2, 'team_name': 'Dabang Delhi K.C.', 'highest_score': 37}",7,16,"{'match_id': 139, 'match_date': '2016-02-08', 'venue_id': 4, 'venue_name': 'Netaji Subhash Chandra Bose Indoor Stadium, Kolkata', 'team1_id': 4, 'team1_name': 'Bengal Warriors', 'team1_score': 34, 'team2_id': 2, 'team2_name': 'Dabang Delhi K.C.', 'team2_score': 17, 'max_win_margin': 17}",Bengal Warriors,0,47,46,204,702,4,0,21,0,0,3,"Pro Kabaddi League Season 3, 2016",0,36,213,137,4,13,,150,46,329,4,,0,Narendar Kumar,271,Bajirao Hodage,164,37,Jang Kun Lee,12,79,150,250,192,144,9,0
3,22,11,,125,8,2,310,29,2,"{'match_id': 211, 'match_date': '2016-07-12', 'venue_id': 1, 'venue_name': 'Sree Kanteerava Stadium, Bengaluru', 'team_id': 7, 'team_name': 'Puneri Paltan', 'highest_score': 34}",9,14,"{'match_id': 186, 'match_date': '2016-06-27', 'venue_id': 5, 'venue_name': 'Dome, NSCI, SVP Stadium, Mumbai', 'team1_id': 4, 'team1_name': 'Bengal Warriors', 'team1_score': 31, 'team2_id': 2, 'team2_name': 'Dabang Delhi K.C.', 'team2_score': 23, 'max_win_margin': 8}",Bengal Warriors,0,26,48,154,602,8,0,86,0,0,4,"Pro Kabaddi League Season 4, 2016",0,34,167,117,4,8,,125,39,318,4,,,,,Vishal Mane,123,31,Jang Kun Lee,12,61,125,202,201,125,3,0
4,54,27,,193,12,6,477,47,13,"{'match_id': 422, 'match_date': '2017-10-26', 'venue_id': 16, 'venue_name': 'Jawaharlal Nehru Indoor Stadium, Chennai', 'team_id': 6, 'team_name': 'Patna Pirates', 'highest_score': 44}",7,24,"{'match_id': 301, 'match_date': '2017-08-06', 'venue_id': 17, 'venue_name': 'Mankapur Indoor Stadium, Nagpur', 'team1_id': 4, 'team1_name': 'Bengal Warriors', 'team1_score': 40, 'team2_id': 30, 'team2_name': 'U.P. Yoddha', 'team2_score': 20, 'max_win_margin': 20}",Bengal Warriors,0,77,122,333,1079,1,0,58,0,0,8,"Pro Kabaddi League Season 5, 2017",0,42,379,181,11,12,,193,37,521,4,,64,Ran Singh,160,PO Surjeet Singh,322,76,Maninder Singh,143,190,193,455,340,223,11,1
5,46,23,,200,16,2,422,43,12,"{'match_id': 712, 'match_date': '2018-11-29', 'venue_id': 7, 'venue_name': 'Shree Shiv Chhatrapati Sports Complex, Pune', 'team_id': 1, 'team_name': 'Bengaluru Bulls', 'highest_score': 44}",9,23,"{'match_id': 748, 'match_date': '2018-12-22', 'venue_id': 4, 'venue_name': 'Netaji Subhash Chandra Bose Indoor Stadium, Kolkata', 'team1_id': 4, 'team1_name': 'Bengal Warriors', 'team1_score': 39, 'team2_id': 6, 'team2_name': 'Patna Pirates', 'team2_score': 23, 'max_win_margin': 16}",Bengal Warriors,0,69,95,341,963,2,0,67,0,0,26,"Pro Kabaddi League Season 6, 2018",0,45,340,186,16,16,,200,39,508,4,,71,Ran Singh,160,PO Surjeet Singh,322,54,Maninder Singh,143,206,200,436,322,201,12,0
6,62,31,,184,12,3,311,32,2,"{'match_id': 1691, 'match_date': '2019-07-24', 'venue_id': 9, 'venue_name': 'Gachibowli Indoor Stadium, Hyderabad', 'team_id': 30, 'team_name': 'U.P. Yoddha', 'highest_score': 48}",4,19,"{'match_id': 1691, 'match_date': '2019-07-24', 'venue_id': 9, 'venue_name': 'Gachibowli Indoor Stadium, Hyderabad', 'team1_id': 30, 'team1_name': 'U.P. Yoddha', 'team1_score': 17, 'team2_id': 4, 'team2_name': 'Bengal Warriors', 'team2_score': 48, 'max_win_margin': 31}",Bengal Warriors,0,73,76,322,782,1,0,-13,,,49,"Pro Kabaddi League Season 7, 2019",,51,318,174,15,12,,184,41,449,4,,95,Mohammad Esmaeil Nabibakhsh,484,Baldev Singh,621,56,Maninder Singh,143,192,184,398,275,153,12,0
0,40,20,,163,10,1,250,4,8,"{'match_id': 2, 'match_date': '2014-07-26', 'venue_id': 5, 'venue_name': 'Dome, NSCI, SVP Stadium, Mumbai', 'team_id': 2, 'team_name': 'Dabang Delhi K.C.', 'highest_score': 47}",7,16,"{'match_id': 2, 'match_date': '2014-07-26', 'venue_id': 5, 'venue_name': 'Dome, NSCI, SVP Stadium, Mumbai', 'team1_id': 2, 'team1_name': 'Dabang Delhi K.C.', 'team1_score': 28, 'team2_id': 1, 'team2_name': 'Bengaluru Bulls', 'team2_score': 47, 'max_win_margin': 19}",Bengaluru Bulls,0,47,47,244,647,3,0,47,0,0,1,"Pro Kabaddi League Season 1, 2014",0,45,225,153,7,10,,163,46,353,1,,122,Manjeet Chhillar,69,Manjeet Chhillar,69,51,Ajay Thakur,26,122,163,291,200,172,8,1
1,50,25,,164,7,0,373,42,24,"{'match_id': 110, 'match_date': '2015-08-15', 'venue_id': 1, 'venue_name': 'Sree Kanteerava Stadium, Bengaluru', 'team_id': 8, 'team_name': 'Telugu Titans', 'highest_score': 43}",6,16,"{'match_id': 108, 'match_date': '2015-08-14', 'venue_id': 1, 'venue_name': 'Sree Kanteerava Stadium, Bengaluru', 'team1_id': 1, 'team1_name': 'Bengaluru Bulls', 'team1_score': 40, 'team2_id': 2, 'team2_name': 'Dabang Delhi K.C.', 'team2_score': 21, 'max_win_margin': 19}",Bengaluru Bulls,0,48,30,222,730,3,0,-7,0,0,2,"Pro Kabaddi League Season 2, 2015",0,35,194,158,10,7,,164,48,341,1,,107,Manjeet Chhillar,69,Dharmaraj Cheralathan,42,42,Ajay Thakur,26,79,164,252,183,163,10,0
2,24,12,,100,7,0,297,29,5,"{'match_id': 133, 'match_date': '2016-02-05', 'venue_id': 1, 'venue_name': 'Sree Kanteerava Stadium, Bengaluru', 'team_id': 3, 'team_name': 'Jaipur Pink Panthers', 'highest_score': 36}",12,14,"{'match_id': 133, 'match_date': '2016-02-05', 'venue_id': 1, 'venue_name': 'Sree Kanteerava Stadium, Bengaluru', 'team1_id': 1, 'team1_name': 'Bengaluru Bulls', 'team1_score': 36, 'team2_id': 3, 'team2_name': 'Jaipur Pink Panthers', 'team2_score': 26, 'max_win_margin': 10}",Bengaluru Bulls,0,14,28,181,603,7,1,116,0,0,3,"Pro Kabaddi League Season 3, 2016",0,35,158,94,9,7,,100,34,291,1,,33,Shrikant Tewthia,107,Ashish Kumar,202,25,Pawan Kumar Sehrawat,318,45,100,209,197,148,2,3
3,18,9,,124,15,1,305,17,3,"{'match_id': 236, 'match_date': '2016-07-27', 'venue_id': 2, 'venue_name': 'Thyagaraj Sports Complex, Delhi', 'team_id': 7, 'team_name': 'Puneri Paltan', 'highest_score': 33}",8,14,"{'match_id': 198, 'match_date': '2016-07-04', 'venue_id': 9, 'venue_name': 'Gachibowli Indoor Stadium, Hyderabad', 'team1_id': 1, 'team1_name': 'Bengaluru Bulls', 'team1_score': 29, 'team2_id': 7, 'team2_name': 'Puneri Paltan', 'team2_score': 27, 'max_win_margin': 2}",Bengaluru Bulls,0,32,54,147,605,6,0,87,0,0,4,"Pro Kabaddi League Season 4, 2016",0,33,157,109,4,15,,124,43,287,1,,37,Ashish Kumar,202,Mohit Chhillar,71,47,Rohit Kumar,326,93,124,201,178,143,5,0
4,56,28,,200,17,3,412,40,8,"{'match_id': 336, 'match_date': '2017-10-17', 'venue_id': 7, 'venue_name': 'Shree Shiv Chhatrapati Sports Complex, Pune', 'team_id': 30, 'team_name': 'U.P. Yoddha', 'highest_score': 64}",11,22,"{'match_id': 336, 'match_date': '2017-10-17', 'venue_id': 7, 'venue_name': 'Shree Shiv Chhatrapati Sports Complex, Pune', 'team1_id': 1, 'team1_name': 'Bengaluru Bulls', 'team1_score': 64, 'team2_id': 30, 'team2_name': 'U.P. Yoddha', 'team2_score': 24, 'max_win_margin': 40}",Bengaluru Bulls,0,57,99,294,943,4,1,47,0,0,8,"Pro Kabaddi League Season 5, 2017",0,42,336,185,5,17,,200,42,480,1,,32,Ashish Kumar,202,Mahender Singh,769,57,Rohit Kumar,326,219,200,393,295,195,8,0
5,74,37,,230,12,2,363,36,14,"{'match_id': 632, 'match_date': '2018-10-10', 'venue_id': 16, 'venue_name': 'Jawaharlal Nehru Indoor Stadium, Chennai', 'team_id': 29, 'team_name': 'Tamil Thalaivas', 'highest_score': 48}",7,24,"{'match_id': 741, 'match_date': '2018-12-18', 'venue_id': 25, 'venue_name': 'Tau Devilal Sports Complex, Panchkula', 'team1_id': 1, 'team1_name': 'Bengaluru Bulls', 'team1_score': 44, 'team2_id': 8, 'team2_name': 'Telugu Titans', 'team2_score': 28, 'max_win_margin': 16}",Bengaluru Bulls,0,78,119,428,1005,1,0,-26,1,0,26,"Pro Kabaddi League Season 6, 2018",1,54,431,219,20,12,,230,42,550,1,,45,Ashish Kumar,202,Mahender Singh,769,63,Pawan Kumar Sehrawat,318,271,230,547,331,211,15,1
6,42,21,,191,25,1,272,30,3,"{'match_id': 1715, 'match_date': '2019-08-08', 'venue_id': 6, 'venue_name': 'Patliputra Sports Complex, Patna', 'team_id': 8, 'team_name': 'Telugu Titans', 'highest_score': 47}",8,19,"{'match_id': 1715, 'match_date': '2019-08-08', 'venue_id': 6, 'venue_name': 'Patliputra Sports Complex, Patna', 'team1_id': 8, 'team1_name': 'Telugu Titans', 'team1_score': 26, 'team2_id': 1, 'team2_name': 'Bengaluru Bulls', 'team2_score': 47, 'max_win_margin': 21}",Bengaluru Bulls,0,58,98,295,794,4,0,46,,,49,"Pro Kabaddi League Season 7, 2019",,49,309,168,8,25,,191,44,438,1,,6,Ashish Kumar,202,Saurabh Nandal,2670,47,Pawan Kumar Sehrawat,318,242,191,393,270,213,10,0
0,36,18,,134,10,1,174,1,10,"{'match_id': 21, 'match_date': '2014-08-06', 'venue_id': 2, 'venue_name': 'Thyagaraj Sports Complex, Delhi', 'team_id': 4, 'team_name': 'Bengal Warriors', 'highest_score': 46}",8,14,"{'match_id': 52, 'match_date': '2014-08-25', 'venue_id': 1, 'venue_name': 'Sree Kanteerava Stadium, Bengaluru', 'team1_id': 2, 'team1_name': 'Dabang Delhi K.C.', 'team1_score': 45, 'team2_id': 7, 'team2_name': 'Puneri Paltan', 'team2_score': 22, 'max_win_margin': 23}",Dabang Delhi K.C.,0,32,57,228,559,6,0,32,0,0,1,"Pro Kabaddi League Season 1, 2014",0,51,246,124,5,10,,134,36,370,2,,50,Shrikant Tewthia,107,Jasmer Singh Gulia,51,38,Kashiling Adake,58,113,134,285,246,139,5,0
1,26,13,,136,14,1,275,17,13,"{'match_id': 100, 'match_date': '2015-08-09', 'venue_id': 2, 'venue_name': 'Thyagaraj Sports Complex, Delhi', 'team_id': 6, 'team_name': 'Patna Pirates', 'highest_score': 45}",9,14,"{'match_id': 100, 'match_date': '2015-08-09', 'venue_id': 2, 'venue_name': 'Thyagaraj Sports Complex, Delhi', 'team1_id': 2, 'team1_name': 'Dabang Delhi K.C.', 'team1_score': 45, 'team2_id': 6, 'team2_name': 'Patna Pirates', 'team2_score': 26, 'max_win_margin': 19}",Dabang Delhi K.C.,0,27,43,174,585,6,0,95,0,0,2,"Pro Kabaddi League Season 2, 2015",0,37,159,122,14,14,,136,41,333,2,,19,Shrikant Tewthia,107,Ravinder Pahal,157,60,Kashiling Adake,58,114,136,217,211,151,4,0
2,18,9,,111,13,1,281,22,4,"{'match_id': 164, 'match_date': '2016-02-24', 'venue_id': 2, 'venue_name': 'Thyagaraj Sports Complex, Delhi', 'team_id': 8, 'team_name': 'Telugu Titans', 'highest_score': 36}",12,14,"{'match_id': 153, 'match_date': '2016-02-18', 'venue_id': 6, 'venue_name': 'Patliputra Sports Complex, Patna', 'team1_id': 1, 'team1_name': 'Bengaluru Bulls', 'team1_score': 21, 'team2_id': 2, 'team2_name': 'Dabang Delhi K.C.', 'team2_score': 35, 'max_win_margin': 14}",Dabang Delhi K.C.,0,11,58,175,614,8,0,153,0,0,3,"Pro Kabaddi League Season 3, 2016",0,38,171,98,5,13,,111,32,346,2,,,,,Sandeep Kumar Dhull,290,32,Kashiling Adake,58,75,111,233,248,162,1,1
3,30,15,,134,20,1,337,29,2,"{'match_id': 231, 'match_date': '2016-07-24', 'venue_id': 2, 'venue_name': 'Thyagaraj Sports Complex, Delhi', 'team_id': 4, 'team_name': 'Bengal Warriors', 'highest_score': 41}",9,14,"{'match_id': 231, 'match_date': '2016-07-24', 'venue_id': 2, 'venue_name': 'Thyagaraj Sports Complex, Delhi', 'team1_id': 2, 'team1_name': 'Dabang Delhi K.C.', 'team1_score': 41, 'team2_id': 4, 'team2_name': 'Bengal Warriors', 'team2_score': 20, 'max_win_margin': 21}",Dabang Delhi K.C.,0,29,56,170,619,7,0,22,0,0,4,"Pro Kabaddi League Season 4, 2016",0,37,162,116,11,20,,134,44,306,2,,75,Meraj Sheykh,251,Sachin Shingade,165,44,Kashiling Adake,58,78,134,226,190,120,4,0
4,36,18,,169,12,1,476,49,12,"{'match_id': 348, 'match_date': '2017-09-06', 'venue_id': 4, 'venue_name': 'Netaji Subhash Chandra Bose Indoor Stadium, Kolkata', 'team_id': 1, 'team_name': 'Bengaluru Bulls', 'highest_score': 38}",16,22,"{'match_id': 348, 'match_date': '2017-09-06', 'venue_id': 4, 'venue_name': 'Netaji Subhash Chandra Bose Indoor Stadium, Kolkata', 'team1_id': 2, 'team1_name': 'Dabang Delhi K.C.', 'team1_score': 38, 'team2_id': 1, 'team2_name': 'Bengaluru Bulls', 'team2_score': 30, 'max_win_margin': 8}",Dabang Delhi K.C.,0,38,84,260,973,6,0,172,0,0,8,"Pro Kabaddi League Season 5, 2017",0,35,283,159,6,12,,169,34,497,2,,104,Meraj Sheykh,251,Sunil,207,25,Meraj Sheykh,251,96,169,344,338,214,5,0
5,68,34,,216,19,2,372,55,14,"{'match_id': 713, 'match_date': '2018-11-30', 'venue_id': 2, 'venue_name': 'Thyagaraj Sports Complex, Delhi', 'team_id': 3, 'team_name': 'Jaipur Pink Panthers', 'highest_score': 48}",10,24,"{'match_id': 713, 'match_date': '2018-11-30', 'venue_id': 2, 'venue_name': 'Thyagaraj Sports Complex, Delhi', 'team1_id': 2, 'team1_name': 'Dabang Delhi K.C.', 'team1_score': 48, 'team2_id': 3, 'team2_name': 'Jaipur Pink Panthers', 'team2_score': 35, 'max_win_margin': 13}",Dabang Delhi K.C.,0,68,116,367,997,3,0,69,0,0,26,"Pro Kabaddi League Season 6, 2018",0,48,401,198,13,19,,216,39,559,2,,97,Meraj Sheykh,251,Ravinder Pahal,157,59,Naveen Kumar,2296,172,216,483,361,224,12,0
6,58,29,,168,8,2,274,43,2,"{'match_id': 1764, 'match_date': '2019-09-08', 'venue_id': 4, 'venue_name': 'Netaji Subhash Chandra Bose Indoor Stadium, Kolkata', 'team_id': 29, 'team_name': 'Tamil Thalaivas', 'highest_score': 50}",2,18,"{'match_id': 1698, 'match_date': '2019-07-28', 'venue_id': 5, 'venue_name': 'Dome, NSCI, SVP Stadium, Mumbai', 'team1_id': 2, 'team1_name': 'Dabang Delhi K.C.', 'team1_score': 41, 'team2_id': 28, 'team2_name': 'Haryana Steelers', 'team2_score': 21, 'max_win_margin': 20}",Dabang Delhi K.C.,0,77,98,282,729,1,0,5,,,49,"Pro Kabaddi League Season 7, 2019",,52,312,162,8,8,,168,40,422,2,,47,Vijay,745,Ravinder Pahal,157,49,Naveen Kumar,2296,222,168,380,260,143,14,0
0,72,36,,254,12,3,509,44,18,"{'match_id': 337, 'match_date': '2017-09-20', 'venue_id': 15, 'venue_name': 'Harivansh Tana Bhagat Indoor Stadium, Ranchi', 'team_id': 5, 'team_name': 'U Mumba', 'highest_score': 45}",5,24,"{'match_id': 420, 'match_date': '2017-10-24', 'venue_id': 5, 'venue_name': 'Dome, NSCI, SVP Stadium, Mumbai', 'team1_id': 31, 'team1_name': 'Gujarat Fortunegiants', 'team1_score': 42, 'team2_id': 4, 'team2_name': 'Bengal Warriors', 'team2_score': 17, 'max_win_margin': 25}",Gujarat Fortunegiants,0,87,59,346,1055,1,0,-39,0,1,8,"Pro Kabaddi League Season 5, 2017",0,38,335,242,11,12,,254,51,497,31,,38,Rohit Gulia,686,Abozar Mohajermighani,489,65,Sachin Tanwar,757,159,254,405,255,211,16,2
1,72,36,,274,18,2,434,50,16,"{'match_id': 732, 'match_date': '2018-12-12', 'venue_id': 8, 'venue_name': 'Rajiv Gandhi Indoor Stadium, Vizag', 'team_id': 28, 'team_name': 'Haryana Steelers', 'highest_score': 47}",5,25,"{'match_id': 718, 'match_date': '2018-12-04', 'venue_id': 2, 'venue_name': 'Thyagaraj Sports Complex, Delhi', 'team1_id': 6, 'team1_name': 'Patna Pirates', 'team1_score': 27, 'team2_id': 31, 'team2_name': 'Gujarat Fortunegiants', 'team2_score': 45, 'max_win_margin': 18}",Gujarat Fortunegiants,0,93,95,385,1072,1,0,-24,0,1,26,"Pro Kabaddi League Season 6, 2018",0,45,392,258,10,18,,274,47,586,31,,61,Rohit Gulia,686,Parvesh Bhainswal,357,86,Sachin Tanwar,757,190,274,480,328,246,18,0
2,40,20,,190,15,2,315,36,1,"{'match_id': 1796, 'match_date': '2019-09-28', 'venue_id': 25, 'venue_name': 'Tau Devilal Sports Complex, Panchkula', 'team_id': 29, 'team_name': 'Tamil Thalaivas', 'highest_score': 50}",11,19,"{'match_id': 1796, 'match_date': '2019-09-28', 'venue_id': 25, 'venue_name': 'Tau Devilal Sports Complex, Panchkula', 'team1_id': 31, 'team1_name': 'Gujarat Fortunegiants', 'team1_score': 50, 'team2_id': 29, 'team2_name': 'Tamil Thalaivas', 'team2_score': 21, 'max_win_margin': 29}",Gujarat Fortunegiants,0,44,63,239,773,8,0,29,,,49,"Pro Kabaddi League Season 7, 2019",,39,250,176,4,15,,190,49,388,31,,116,Rohit Gulia,686,Sunil Kumar,368,46,Rohit Gulia,686,111,190,302,212,208,6,0
0,54,27,,227,21,4,497,42,14,"{'match_id': 342, 'match_date': '2017-09-02', 'venue_id': 4, 'venue_name': 'Netaji Subhash Chandra Bose Indoor Stadium, Kolkata', 'team_id': 31, 'team_name': 'Gujarat Fortunegiants', 'highest_score': 42}",6,23,"{'match_id': 378, 'match_date': '2017-09-24', 'venue_id': 2, 'venue_name': 'Thyagaraj Sports Complex, Delhi', 'team1_id': 2, 'team1_name': 'Dabang Delhi K.C.', 'team1_score': 24, 'team2_id': 28, 'team2_name': 'Haryana Steelers', 'team2_score': 42, 'max_win_margin': 18}",Haryana Steelers,0,79,80,324,1030,3,0,39,0,0,8,"Pro Kabaddi League Season 5, 2017",0,39,327,206,12,21,,227,42,544,28,,7,Deepak Kumar Rathee,275,Surender Nada,146,80,Wazir Singh,124,107,227,404,338,206,13,0
1,32,16,,193,15,2,350,43,24,"{'match_id': 663, 'match_date': '2018-10-28', 'venue_id': 6, 'venue_name': 'Patliputra Sports Complex, Patna', 'team_id': 6, 'team_name': 'Patna Pirates', 'highest_score': 43}",14,22,"{'match_id': 663, 'match_date': '2018-10-28', 'venue_id': 6, 'venue_name': 'Patliputra Sports Complex, Patna', 'team1_id': 6, 'team1_name': 'Patna Pirates', 'team1_score': 32, 'team2_id': 28, 'team2_name': 'Haryana Steelers', 'team2_score': 43, 'max_win_margin': 11}",Haryana Steelers,0,42,141,306,941,6,0,133,0,0,26,"Pro Kabaddi League Season 6, 2018",0,48,361,180,12,15,,193,34,562,28,,23,Mayur Shivtarkar,578,Kuldeep Singh,732,49,Vikash Kandola,366,172,193,447,382,230,6,0
2,52,26,,184,13,1,315,22,2,"{'match_id': 1763, 'match_date': '2019-09-07', 'venue_id': 4, 'venue_name': 'Netaji Subhash Chandra Bose Indoor Stadium, Kolkata', 'team_id': 2, 'team_name': 'Dabang Delhi K.C.', 'highest_score': 47}",6,18,"{'match_id': 1763, 'match_date': '2019-09-07', 'venue_id': 4, 'venue_name': 'Netaji Subhash Chandra Bose Indoor Stadium, Kolkata', 'team1_id': 2, 'team1_name': 'Dabang Delhi K.C.', 'team1_score': 25, 'team2_id': 28, 'team2_name': 'Haryana Steelers', 'team2_score': 47, 'max_win_margin': 22}",Haryana Steelers,0,60,66,288,751,3,0,37,,,49,"Pro Kabaddi League Season 7, 2019",,47,273,171,13,13,,184,41,449,28,,0,Tin Phonchoo,335,Sunil,2462,42,Vikash Kandola,366,143,184,354,278,163,11,0
0,58,29,,170,12,1,226,7,5,"{'match_id': 33, 'match_date': '2014-08-14', 'venue_id': 7, 'venue_name': 'Shree Shiv Chhatrapati Sports Complex, Pune', 'team_id': 7, 'team_name': 'Puneri Paltan', 'highest_score': 50}",3,16,"{'match_id': 33, 'match_date': '2014-08-14', 'venue_id': 7, 'venue_name': 'Shree Shiv Chhatrapati Sports Complex, Pune', 'team1_id': 7, 'team1_name': 'Puneri Paltan', 'team1_score': 23, 'team2_id': 3, 'team2_name': 'Jaipur Pink Panthers', 'team2_score': 50, 'max_win_margin': 27}",Jaipur Pink Panthers,0,54,53,291,621,1,0,54,1,1,1,"Pro Kabaddi League Season 1, 2014",0,55,270,158,9,12,,170,42,400,3,,98,Rajesh Narwal,86,Rohit Rana,96,38,Maninder Singh,143,130,170,344,242,125,12,0
1,34,17,,142,18,1,264,34,12,"{'match_id': 101, 'match_date': '2015-08-10', 'venue_id': 2, 'venue_name': 'Thyagaraj Sports Complex, Delhi', 'team_id': 2, 'team_name': 'Dabang Delhi K.C.', 'highest_score': 51}",7,14,"{'match_id': 101, 'match_date': '2015-08-10', 'venue_id': 2, 'venue_name': 'Thyagaraj Sports Complex, Delhi', 'team1_id': 2, 'team1_name': 'Dabang Delhi K.C.', 'team1_score': 21, 'team2_id': 3, 'team2_name': 'Jaipur Pink Panthers', 'team2_score': 51, 'max_win_margin': 30}",Jaipur Pink Panthers,0,38,43,189,599,5,0,-5,0,0,2,"Pro Kabaddi League Season 2, 2015",0,39,183,124,5,18,,142,48,298,3,,87,Rajesh Narwal,86,Kuldeep Singh,252,34,Rajesh Narwal,86,69,142,232,174,152,6,0
2,22,11,,117,16,2,292,32,2,"{'match_id': 137, 'match_date': '2016-02-07', 'venue_id': 4, 'venue_name': 'Netaji Subhash Chandra Bose Indoor Stadium, Kolkata', 'team_id': 2, 'team_name': 'Dabang Delhi K.C.', 'highest_score': 39}",8,14,"{'match_id': 157, 'match_date': '2016-02-20', 'venue_id': 3, 'venue_name': 'Sawai Mansingh Stadium, Jaipur', 'team1_id': 3, 'team1_name': 'Jaipur Pink Panthers', 'team1_score': 30, 'team2_id': 1, 'team2_name': 'Bengaluru Bulls', 'team2_score': 21, 'max_win_margin': 9}",Jaipur Pink Panthers,0,28,46,147,593,6,0,91,0,0,3,"Pro Kabaddi League Season 3, 2016",0,33,149,101,8,16,,117,43,274,3,,80,Rajesh Narwal,86,Rajesh Narwal,86,21,Rajesh Narwal,86,59,117,193,173,152,4,1
3,34,17,,135,17,1,324,36,8,"{'match_id': 201, 'match_date': '2016-07-06', 'venue_id': 9, 'venue_name': 'Gachibowli Indoor Stadium, Hyderabad', 'team_id': 2, 'team_name': 'Dabang Delhi K.C.', 'highest_score': 51}",6,16,"{'match_id': 201, 'match_date': '2016-07-06', 'venue_id': 9, 'venue_name': 'Gachibowli Indoor Stadium, Hyderabad', 'team1_id': 2, 'team1_name': 'Dabang Delhi K.C.', 'team1_score': 26, 'team2_id': 3, 'team2_name': 'Jaipur Pink Panthers', 'team2_score': 51, 'max_win_margin': 25}",Jaipur Pink Panthers,0,47,49,221,666,3,0,25,0,0,4,"Pro Kabaddi League Season 4, 2016",0,41,203,119,6,17,,135,42,319,3,,85,Rajesh Narwal,86,Amit Hooda,212,51,Jasvir Singh,52,82,135,270,200,139,9,2
4,44,22,,171,10,1,438,63,21,"{'match_id': 330, 'match_date': '2017-08-25', 'venue_id': 5, 'venue_name': 'Dome, NSCI, SVP Stadium, Mumbai', 'team_id': 5, 'team_name': 'U Mumba', 'highest_score': 39}",13,22,"{'match_id': 367, 'match_date': '2017-09-17', 'venue_id': 15, 'venue_name': 'Harivansh Tana Bhagat Indoor Stadium, Ranchi', 'team1_id': 3, 'team1_name': 'Jaipur Pink Panthers', 'team1_score': 36, 'team2_id': 2, 'team2_name': 'Dabang Delhi K.C.', 'team2_score': 25, 'max_win_margin': 11}",Jaipur Pink Panthers,0,51,56,297,962,5,0,142,0,0,8,"Pro Kabaddi League Season 5, 2017",0,37,288,162,13,10,,171,37,459,3,,85,Nitin Rawal,791,Manjeet Chhillar,69,47,Pawan Kumar Kadian,156,122,171,353,297,236,8,1
5,44,22,,225,25,3,395,27,13,"{'match_id': 692, 'match_date': '2018-11-16', 'venue_id': 11, 'venue_name': 'EKA Arena by TransStadia, Ahmedabad', 'team_id': 30, 'team_name': 'U.P. Yoddha', 'highest_score': 45}",13,22,"{'match_id': 692, 'match_date': '2018-11-16', 'venue_id': 11, 'venue_name': 'EKA Arena by TransStadia, Ahmedabad', 'team1_id': 3, 'team1_name': 'Jaipur Pink Panthers', 'team1_score': 45, 'team2_id': 30, 'team2_name': 'U.P. Yoddha', 'team2_score': 28, 'max_win_margin': 17}",Jaipur Pink Panthers,0,43,102,313,949,5,0,112,0,0,26,"Pro Kabaddi League Season 6, 2018",0,44,334,202,13,25,,225,41,551,3,,208,Deepak Niwas Hooda,41,Sandeep Kumar Dhull,290,67,Deepak Niwas Hooda,41,196,225,415,349,220,6,0
6,38,19,,219,32,2,370,32,6,"{'match_id': 1757, 'match_date': '2019-09-04', 'venue_id': 1, 'venue_name': 'Sree Kanteerava Stadium, Bengaluru', 'team_id': 2, 'team_name': 'Dabang Delhi K.C.', 'highest_score': 44}",10,20,"{'match_id': 1689, 'match_date': '2019-07-22', 'venue_id': 9, 'venue_name': 'Gachibowli Indoor Stadium, Hyderabad', 'team1_id': 5, 'team1_name': 'U Mumba', 'team1_score': 23, 'team2_id': 3, 'team2_name': 'Jaipur Pink Panthers', 'team2_score': 42, 'max_win_margin': 19}",Jaipur Pink Panthers,0,52,91,246,836,7,0,70,,,49,"Pro Kabaddi League Season 7, 2019",,40,261,189,7,32,,219,45,483,3,,158,Deepak Niwas Hooda,41,Sandeep Kumar Dhull,290,67,Deepak Niwas Hooda,41,146,219,337,294,205,8,0
0,36,18,,142,18,2,251,10,8,"{'match_id': 38, 'match_date': '2014-08-17', 'venue_id': 8, 'venue_name': 'Rajiv Gandhi Indoor Stadium, Vizag', 'team_id': 3, 'team_name': 'Jaipur Pink Panthers', 'highest_score': 52}",6,16,"{'match_id': 38, 'match_date': '2014-08-17', 'venue_id': 8, 'venue_name': 'Rajiv Gandhi Indoor Stadium, Vizag', 'team1_id': 3, 'team1_name': 'Jaipur Pink Panthers', 'team1_score': 30, 'team2_id': 6, 'team2_name': 'Patna Pirates', 'team2_score': 52, 'max_win_margin': 22}",Patna Pirates,0,45,64,252,638,4,0,45,0,0,1,"Pro Kabaddi League Season 1, 2014",0,50,253,124,13,18,,142,37,380,6,,119,Sandeep Narwal,142,D. Suresh Kumar,162,28,Ravi Dalal,92,111,142,316,256,134,8,0
1,26,13,,164,13,1,360,26,10,"{'match_id': 85, 'match_date': '2015-07-31', 'venue_id': 6, 'venue_name': 'Patliputra Sports Complex, Patna', 'team_id': 2, 'team_name': 'Dabang Delhi K.C.', 'highest_score': 39}",8,16,"{'match_id': 115, 'match_date': '2015-08-18', 'venue_id': 7, 'venue_name': 'Shree Shiv Chhatrapati Sports Complex, Pune', 'team1_id': 7, 'team1_name': 'Puneri Paltan', 'team1_score': 21, 'team2_id': 6, 'team2_name': 'Patna Pirates', 'team2_score': 38, 'max_win_margin': 17}",Patna Pirates,0,41,43,185,701,4,0,59,0,0,2,"Pro Kabaddi League Season 2, 2015",0,33,182,152,4,13,,164,44,376,6,,83,Sandeep Narwal,142,Sandeep Narwal,142,37,Deepak Narwal,211,57,164,228,224,159,7,1
2,60,30,,182,7,2,333,28,4,"{'match_id': 166, 'match_date': '2016-02-25', 'venue_id': 2, 'venue_name': 'Thyagaraj Sports Complex, Delhi', 'team_id': 2, 'team_name': 'Dabang Delhi K.C.', 'highest_score': 67}",2,16,"{'match_id': 166, 'match_date': '2016-02-25', 'venue_id': 2, 'venue_name': 'Thyagaraj Sports Complex, Delhi', 'team1_id': 2, 'team1_name': 'Dabang Delhi K.C.', 'team1_score': 34, 'team2_id': 6, 'team2_name': 'Patna Pirates', 'team2_score': 67, 'max_win_margin': 33}",Patna Pirates,0,58,52,272,703,2,0,-46,1,0,3,"Pro Kabaddi League Season 3, 2016",1,46,241,175,16,7,,182,45,405,6,,64,Sandeep Narwal,142,Sandeep Narwal,142,55,Pardeep Narwal,197,116,182,324,230,129,12,2
3,38,19,,171,27,0,334,19,7,"{'match_id': 214, 'match_date': '2016-07-14', 'venue_id': 1, 'venue_name': 'Sree Kanteerava Stadium, Bengaluru', 'team_id': 1, 'team_name': 'Bengaluru Bulls', 'highest_score': 38}",4,16,"{'match_id': 214, 'match_date': '2016-07-14', 'venue_id': 1, 'venue_name': 'Sree Kanteerava Stadium, Bengaluru', 'team1_id': 1, 'team1_name': 'Bengaluru Bulls', 'team1_score': 23, 'team2_id': 6, 'team2_name': 'Patna Pirates', 'team2_score': 38, 'max_win_margin': 15}",Patna Pirates,0,52,40,224,692,1,0,38,1,1,4,"Pro Kabaddi League Season 4, 2016",0,38,206,145,7,27,,171,52,332,6,,42,Kuldeep Singh,252,Fazel Atrachali,259,52,Pardeep Narwal,197,131,171,264,187,152,12,1
4,110,55,,252,27,5,448,51,10,"{'match_id': 419, 'match_date': '2017-10-23', 'venue_id': 5, 'venue_name': 'Dome, NSCI, SVP Stadium, Mumbai', 'team_id': 28, 'team_name': 'Haryana Steelers', 'highest_score': 69}",7,26,"{'match_id': 419, 'match_date': '2017-10-23', 'venue_id': 5, 'venue_name': 'Dome, NSCI, SVP Stadium, Mumbai', 'team1_id': 6, 'team1_name': 'Patna Pirates', 'team1_score': 69, 'team2_id': 28, 'team2_name': 'Haryana Steelers', 'team2_score': 30, 'max_win_margin': 39}",Patna Pirates,0,71,129,508,1173,2,0,11,1,0,8,"Pro Kabaddi League Season 5, 2017",1,54,487,226,26,27,,252,40,625,6,,64,Vijay,745,Jaideep,579,71,Pardeep Narwal,197,369,252,637,399,238,14,2
5,60,30,,201,16,2,302,42,11,"{'match_id': 725, 'match_date': '2018-12-07', 'venue_id': 8, 'venue_name': 'Rajiv Gandhi Indoor Stadium, Vizag', 'team_id': 7, 'team_name': 'Puneri Paltan', 'highest_score': 53}",11,22,"{'match_id': 682, 'match_date': '2018-11-10', 'venue_id': 5, 'venue_name': 'Dome, NSCI, SVP Stadium, Mumbai', 'team1_id': 6, 'team1_name': 'Patna Pirates', 'team1_score': 50, 'team2_id': 4, 'team2_name': 'Bengal Warriors', 'team2_score': 30, 'max_win_margin': 20}",Patna Pirates,0,55,120,376,934,4,0,91,0,0,26,"Pro Kabaddi League Season 6, 2018",0,53,406,186,11,16,,201,36,555,6,,73,Vijay,745,Jaideep,579,58,Pardeep Narwal,197,233,201,496,369,226,9,0
6,56,28,,191,23,1,327,25,11,"{'match_id': 1776, 'match_date': '2019-09-15', 'venue_id': 7, 'venue_name': 'Shree Shiv Chhatrapati Sports Complex, Pune', 'team_id': 7, 'team_name': 'Puneri Paltan', 'highest_score': 55}",12,19,"{'match_id': 1767, 'match_date': '2019-09-09', 'venue_id': 4, 'venue_name': 'Netaji Subhash Chandra Bose Indoor Stadium, Kolkata', 'team1_id': 29, 'team1_name': 'Tamil Thalaivas', 'team1_score': 25, 'team2_id': 6, 'team2_name': 'Patna Pirates', 'team2_score': 51, 'max_win_margin': 26}",Patna Pirates,0,40,70,298,802,9,0,41,,,49,"Pro Kabaddi League Season 7, 2019",,46,291,168,13,23,,191,43,448,6,,43,Hadi Oshtorak,249,Neeraj Kumar,637,51,Pardeep Narwal,197,243,191,368,280,184,6,0
0,24,12,,107,14,0,200,5,3,"{'match_id': 31, 'match_date': '2014-08-13', 'venue_id': 7, 'venue_name': 'Shree Shiv Chhatrapati Sports Complex, Pune', 'team_id': 4, 'team_name': 'Bengal Warriors', 'highest_score': 40}",12,14,"{'match_id': 31, 'match_date': '2014-08-13', 'venue_id': 7, 'venue_name': 'Shree Shiv Chhatrapati Sports Complex, Pune', 'team1_id': 7, 'team1_name': 'Puneri Paltan', 'team1_score': 40, 'team2_id': 4, 'team2_name': 'Bengal Warriors', 'team2_score': 30, 'max_win_margin': 10}",Puneri Paltan,0,17,62,207,552,8,1,17,0,0,1,"Pro Kabaddi League Season 1, 2014",0,49,204,93,11,14,,107,29,368,7,,53,Jitesh Joshi,55,Kalimuthu Balamahendran,56,20,Wazir Singh,124,104,107,269,275,148,2,1
1,24,12,,114,11,1,279,30,10,"{'match_id': 72, 'match_date': '2015-07-24', 'venue_id': 4, 'venue_name': 'Netaji Subhash Chandra Bose Indoor Stadium, Kolkata', 'team_id': 2, 'team_name': 'Dabang Delhi K.C.', 'highest_score': 37}",11,14,"{'match_id': 111, 'match_date': '2015-08-16', 'venue_id': 7, 'venue_name': 'Shree Shiv Chhatrapati Sports Complex, Pune', 'team1_id': 7, 'team1_name': 'Puneri Paltan', 'team1_score': 33, 'team2_id': 2, 'team2_name': 'Dabang Delhi K.C.', 'team2_score': 28, 'max_win_margin': 5}",Puneri Paltan,0,21,37,186,600,8,0,95,0,0,2,"Pro Kabaddi League Season 2, 2015",0,37,170,104,8,11,,114,37,307,7,,21,Mahipal Narwal,67,Ravi Kumar,240,37,Wazir Singh,124,65,114,223,203,151,2,1
2,50,25,,187,13,3,362,22,5,"{'match_id': 169, 'match_date': '2016-02-27', 'venue_id': 2, 'venue_name': 'Thyagaraj Sports Complex, Delhi', 'team_id': 1, 'team_name': 'Bengaluru Bulls', 'highest_score': 44}",5,16,"{'match_id': 176, 'match_date': '2016-03-02', 'venue_id': 5, 'venue_name': 'Dome, NSCI, SVP Stadium, Mumbai', 'team1_id': 7, 'team1_name': 'Puneri Paltan', 'team1_score': 43, 'team2_id': 4, 'team2_name': 'Bengal Warriors', 'team2_score': 19, 'max_win_margin': 24}",Puneri Paltan,0,48,36,215,698,3,0,-44,0,0,3,"Pro Kabaddi League Season 3, 2016",0,36,203,174,9,13,,187,50,371,7,,106,Manjeet Chhillar,69,Manjeet Chhillar,69,61,Deepak Niwas Hooda,41,69,187,251,197,133,8,3
3,42,21,,146,7,2,335,37,7,"{'match_id': 185, 'match_date': '2016-06-26', 'venue_id': 5, 'venue_name': 'Dome, NSCI, SVP Stadium, Mumbai', 'team_id': 5, 'team_name': 'U Mumba', 'highest_score': 41}",7,16,"{'match_id': 185, 'match_date': '2016-06-26', 'venue_id': 5, 'venue_name': 'Dome, NSCI, SVP Stadium, Mumbai', 'team1_id': 7, 'team1_name': 'Puneri Paltan', 'team1_score': 41, 'team2_id': 5, 'team2_name': 'U Mumba', 'team2_score': 19, 'max_win_margin': 22}",Puneri Paltan,0,42,44,246,716,4,0,19,0,0,4,"Pro Kabaddi League Season 4, 2016",1,40,230,140,10,7,,146,42,345,7,,130,Deepak Niwas Hooda,41,Manjeet Chhillar,69,44,Deepak Niwas Hooda,41,126,146,290,205,151,7,3
4,64,32,,271,21,0,515,52,14,"{'match_id': 323, 'match_date': '2017-08-20', 'venue_id': 13, 'venue_name': 'Babu Banarasi Das Indoor Stadium, Lucknow', 'team_id': 6, 'team_name': 'Patna Pirates', 'highest_score': 47}",8,24,"{'match_id': 415, 'match_date': '2017-10-18', 'venue_id': 7, 'venue_name': 'Shree Shiv Chhatrapati Sports Complex, Pune', 'team1_id': 7, 'team1_name': 'Puneri Paltan', 'team1_score': 38, 'team2_id': 3, 'team2_name': 'Jaipur Pink Panthers', 'team2_score': 15, 'max_win_margin': 23}",Puneri Paltan,0,80,58,321,1042,2,0,-11,0,0,8,"Pro Kabaddi League Season 5, 2017",0,36,304,252,12,21,,271,50,547,7,,186,Deepak Niwas Hooda,41,Girish Maruti Ernak,161,64,Deepak Niwas Hooda,41,172,271,379,295,223,16,2
5,28,14,,219,34,2,426,56,14,"{'match_id': 641, 'match_date': '2018-10-14', 'venue_id': 14, 'venue_name': 'Motilal Nehru School of Sports, Rai, Sonepat', 'team_id': 28, 'team_name': 'Haryana Steelers', 'highest_score': 45}",12,22,"{'match_id': 641, 'match_date': '2018-10-14', 'venue_id': 14, 'venue_name': 'Motilal Nehru School of Sports, Rai, Sonepat', 'team1_id': 28, 'team1_name': 'Haryana Steelers', 'team1_score': 27, 'team2_id': 7, 'team2_name': 'Puneri Paltan', 'team2_score': 45, 'max_win_margin': 18}",Puneri Paltan,0,52,111,235,940,4,0,97,0,0,26,"Pro Kabaddi League Season 6, 2018",0,37,286,189,7,34,,219,44,502,7,,66,Sandeep Narwal,142,Girish Maruti Ernak,161,56,Nitin Tomar,320,100,219,346,313,228,8,1
6,36,18,,219,22,3,317,26,3,"{'match_id': 1773, 'match_date': '2019-09-14', 'venue_id': 7, 'venue_name': 'Shree Shiv Chhatrapati Sports Complex, Pune', 'team_id': 31, 'team_name': 'Gujarat Fortunegiants', 'highest_score': 43}",10,19,"{'match_id': 1710, 'match_date': '2019-08-04', 'venue_id': 6, 'venue_name': 'Patliputra Sports Complex, Patna', 'team1_id': 6, 'team1_name': 'Patna Pirates', 'team1_score': 20, 'team2_id': 7, 'team2_name': 'Puneri Paltan', 'team2_score': 41, 'max_win_margin': 21}",Puneri Paltan,0,42,78,253,789,8,0,93,,,49,"Pro Kabaddi League Season 7, 2019",,42,272,197,6,22,,219,43,512,7,,14,Sagar B Krishna,347,PO Surjeet Singh,322,51,Pankaj Mohite,2661,110,219,331,315,200,6,0
0,38,19,,201,17,2,464,32,11,"{'match_id': 409, 'match_date': '2017-10-14', 'venue_id': 7, 'venue_name': 'Shree Shiv Chhatrapati Sports Complex, Pune', 'team_id': 6, 'team_name': 'Patna Pirates', 'highest_score': 40}",14,22,"{'match_id': 307, 'match_date': '2017-08-10', 'venue_id': 17, 'venue_name': 'Mankapur Indoor Stadium, Nagpur', 'team1_id': 1, 'team1_name': 'Bengaluru Bulls', 'team1_score': 24, 'team2_id': 29, 'team2_name': 'Tamil Thalaivas', 'team2_score': 29, 'max_win_margin': 5}",Tamil Thalaivas,0,46,101,309,1022,6,0,117,0,0,8,"Pro Kabaddi League Season 5, 2017",0,40,351,184,5,17,,201,39,517,29,,29,D. Pradap,722,Amit Hooda,212,61,Ajay Thakur,26,213,201,410,333,207,6,0
1,40,20,,189,15,4,359,23,20,"{'match_id': 669, 'match_date': '2018-11-02', 'venue_id': 23, 'venue_name': 'Shaheed Vijay Singh Pathik Sports Complex, Greater Noida', 'team_id': 30, 'team_name': 'U.P. Yoddha', 'highest_score': 46}",13,22,"{'match_id': 669, 'match_date': '2018-11-02', 'venue_id': 23, 'venue_name': 'Shaheed Vijay Singh Pathik Sports Complex, Greater Noida', 'team1_id': 30, 'team1_name': 'U.P. Yoddha', 'team1_score': 24, 'team2_id': 29, 'team2_name': 'Tamil Thalaivas', 'team2_score': 46, 'max_win_margin': 22}",Tamil Thalaivas,0,42,105,314,925,6,0,112,0,0,26,"Pro Kabaddi League Season 6, 2018",0,45,344,174,7,15,,189,38,498,29,,67,Manjeet Chhillar,69,Manjeet Chhillar,69,59,Ajay Thakur,26,203,189,419,324,222,5,2
2,26,13,,162,13,3,323,32,8,"{'match_id': 1688, 'match_date': '2019-07-21', 'venue_id': 9, 'venue_name': 'Gachibowli Indoor Stadium, Hyderabad', 'team_id': 8, 'team_name': 'Telugu Titans', 'highest_score': 39}",13,19,"{'match_id': 1688, 'match_date': '2019-07-21', 'venue_id': 9, 'venue_name': 'Gachibowli Indoor Stadium, Hyderabad', 'team1_id': 8, 'team1_name': 'Telugu Titans', 'team1_score': 26, 'team2_id': 29, 'team2_name': 'Tamil Thalaivas', 'team2_score': 39, 'max_win_margin': 13}",Tamil Thalaivas,0,30,77,249,792,12,0,143,,,49,"Pro Kabaddi League Season 7, 2019",,41,259,151,4,13,,162,38,431,29,,41,Manjeet Chhillar,69,Manjeet Chhillar,69,37,Rahul Chaudhari,81,117,162,326,280,210,3,0
0,50,25,,104,8,3,181,7,7,"{'match_id': 41, 'match_date': '2014-08-18', 'venue_id': 8, 'venue_name': 'Rajiv Gandhi Indoor Stadium, Vizag', 'team_id': 7, 'team_name': 'Puneri Paltan', 'highest_score': 60}",5,14,"{'match_id': 41, 'match_date': '2014-08-18', 'venue_id': 8, 'venue_name': 'Rajiv Gandhi Indoor Stadium, Vizag', 'team1_id': 8, 'team1_name': 'Telugu Titans', 'team1_score': 60, 'team2_id': 7, 'team2_name': 'Puneri Paltan', 'team2_score': 24, 'max_win_margin': 36}",Telugu Titans,0,42,45,291,569,5,0,42,0,0,1,"Pro Kabaddi League Season 1, 2014",0,59,272,96,8,8,,104,31,333,8,,89,Deepak Niwas Hooda,41,D. Gopu,152,23,Rahul Chaudhari,81,151,104,336,237,116,6,0
1,52,26,,172,16,3,299,18,8,"{'match_id': 94, 'match_date': '2015-08-06', 'venue_id': 9, 'venue_name': 'Gachibowli Indoor Stadium, Hyderabad', 'team_id': 6, 'team_name': 'Patna Pirates', 'highest_score': 54}",4,16,"{'match_id': 94, 'match_date': '2015-08-06', 'venue_id': 9, 'venue_name': 'Gachibowli Indoor Stadium, Hyderabad', 'team1_id': 8, 'team1_name': 'Telugu Titans', 'team1_score': 54, 'team2_id': 6, 'team2_name': 'Patna Pirates', 'team2_score': 32, 'max_win_margin': 22}",Telugu Titans,0,50,47,297,707,2,0,-35,0,0,2,"Pro Kabaddi League Season 2, 2015",1,49,265,158,16,16,,172,43,399,8,,96,Deepak Niwas Hooda,41,Sandeep Kandola,248,59,Rahul Chaudhari,81,98,172,344,241,143,9,0
2,26,13,,116,15,0,270,31,2,"{'match_id': 127, 'match_date': '2016-02-01', 'venue_id': 8, 'venue_name': 'Rajiv Gandhi Indoor Stadium, Vizag', 'team_id': 2, 'team_name': 'Dabang Delhi K.C.', 'highest_score': 45}",7,14,"{'match_id': 159, 'match_date': '2016-02-21', 'venue_id': 3, 'venue_name': 'Sawai Mansingh Stadium, Jaipur', 'team1_id': 8, 'team1_name': 'Telugu Titans', 'team1_score': 40, 'team2_id': 1, 'team2_name': 'Bengaluru Bulls', 'team2_score': 22, 'max_win_margin': 18}",Telugu Titans,0,38,53,201,609,5,0,48,0,0,3,"Pro Kabaddi League Season 3, 2016",0,42,206,101,3,15,,116,38,304,8,,48,Meraj Sheykh,251,Dharmaraj Cheralathan,42,31,Rahul Chaudhari,81,87,116,254,203,133,7,1
3,44,22,,162,5,2,348,33,4,"{'match_id': 234, 'match_date': '2016-07-26', 'venue_id': 2, 'venue_name': 'Thyagaraj Sports Complex, Delhi', 'team_id': 6, 'team_name': 'Patna Pirates', 'highest_score': 46}",6,16,"{'match_id': 234, 'match_date': '2016-07-26', 'venue_id': 2, 'venue_name': 'Thyagaraj Sports Complex, Delhi', 'team1_id': 6, 'team1_name': 'Patna Pirates', 'team1_score': 25, 'team2_id': 8, 'team2_name': 'Telugu Titans', 'team2_score': 46, 'max_win_margin': 21}",Telugu Titans,0,50,42,225,687,2,0,-17,0,0,4,"Pro Kabaddi League Season 4, 2016",0,39,206,157,7,5,,162,44,364,8,,66,Sandeep Narwal,142,Sandeep Narwal,142,42,Rahul Chaudhari,81,146,162,267,207,133,8,2
4,50,25,,207,17,3,442,39,14,"{'match_id': 392, 'match_date': '2017-10-03', 'venue_id': 16, 'venue_name': 'Jawaharlal Nehru Indoor Stadium, Chennai', 'team_id': 29, 'team_name': 'Tamil Thalaivas', 'highest_score': 58}",12,22,"{'match_id': 384, 'match_date': '2017-09-28', 'venue_id': 2, 'venue_name': 'Thyagaraj Sports Complex, Delhi', 'team1_id': 2, 'team1_name': 'Dabang Delhi K.C.', 'team1_score': 22, 'team2_id': 8, 'team2_name': 'Telugu Titans', 'team2_score': 44, 'max_win_margin': 22}",Telugu Titans,0,52,99,301,971,5,0,54,0,0,8,"Pro Kabaddi League Season 5, 2017",0,41,332,191,10,17,,207,41,508,8,,47,Mohsen Maghsoudloujafari,567,Vishal Bhardwaj,358,71,Rahul Chaudhari,81,184,207,400,317,197,7,0
5,36,18,,233,33,1,435,25,20,"{'match_id': 665, 'match_date': '2018-10-30', 'venue_id': 6, 'venue_name': 'Patliputra Sports Complex, Patna', 'team_id': 6, 'team_name': 'Patna Pirates', 'highest_score': 53}",13,22,"{'match_id': 665, 'match_date': '2018-10-30', 'venue_id': 6, 'venue_name': 'Patliputra Sports Complex, Patna', 'team1_id': 6, 'team1_name': 'Patna Pirates', 'team1_score': 32, 'team2_id': 8, 'team2_name': 'Telugu Titans', 'team2_score': 53, 'max_win_margin': 21}",Telugu Titans,0,51,107,246,953,5,0,106,0,0,26,"Pro Kabaddi League Season 6, 2018",0,37,289,202,9,33,,233,48,486,8,,56,Mohsen Maghsoudloujafari,567,Vishal Bhardwaj,358,60,Rahul Chaudhari,81,159,233,353,284,229,8,0
6,26,13,,182,21,3,290,24,5,"{'match_id': 1794, 'match_date': '2019-09-27', 'venue_id': 3, 'venue_name': 'Sawai Mansingh Stadium, Jaipur', 'team_id': 3, 'team_name': 'Jaipur Pink Panthers', 'highest_score': 51}",10,18,"{'match_id': 1794, 'match_date': '2019-09-27', 'venue_id': 3, 'venue_name': 'Sawai Mansingh Stadium, Jaipur', 'team1_id': 3, 'team1_name': 'Jaipur Pink Panthers', 'team1_score': 31, 'team2_id': 8, 'team2_name': 'Telugu Titans', 'team2_score': 51, 'max_win_margin': 20}",Telugu Titans,0,39,94,238,744,10,0,78,,,49,"Pro Kabaddi League Season 7, 2019",,45,273,162,9,21,,182,44,413,8,,52,Farhad Rahimi Milaghardan,482,Vishal Bhardwaj,358,61,Siddharth Sirish Desai,2026,174,182,332,251,181,5,0
0,42,21,,157,12,3,220,4,3,"{'match_id': 1, 'match_date': '2014-07-26', 'venue_id': 5, 'venue_name': 'Dome, NSCI, SVP Stadium, Mumbai', 'team_id': 3, 'team_name': 'Jaipur Pink Panthers', 'highest_score': 45}",4,16,"{'match_id': 17, 'match_date': '2014-08-04', 'venue_id': 2, 'venue_name': 'Thyagaraj Sports Complex, Delhi', 'team1_id': 5, 'team1_name': 'U Mumba', 'team1_score': 44, 'team2_id': 7, 'team2_name': 'Puneri Paltan', 'team2_score': 28, 'max_win_margin': 16}",U Mumba,0,51,85,262,624,2,0,51,0,0,1,"Pro Kabaddi League Season 1, 2014",1,56,270,145,12,12,,157,38,409,5,,0,Mohammad Ziaur Rahman,1,Surender Nada,146,51,Anup Kumar,29,155,157,347,264,134,9,0
1,40,20,,196,16,0,356,16,23,"{'match_id': 113, 'match_date': '2015-08-17', 'venue_id': 7, 'venue_name': 'Shree Shiv Chhatrapati Sports Complex, Pune', 'team_id': 7, 'team_name': 'Puneri Paltan', 'highest_score': 39}",2,16,"{'match_id': 119, 'match_date': '2015-08-21', 'venue_id': 5, 'venue_name': 'Dome, NSCI, SVP Stadium, Mumbai', 'team1_id': 5, 'team1_name': 'U Mumba', 'team1_score': 35, 'team2_id': 6, 'team2_name': 'Patna Pirates', 'team2_score': 18, 'max_win_margin': 17}",U Mumba,0,60,31,206,697,1,0,20,1,1,2,"Pro Kabaddi League Season 2, 2015",0,34,187,180,7,16,,196,54,364,5,,30,Bhupender Singh,34,Mohit Chhillar,71,42,Anup Kumar,29,74,196,237,184,154,14,0
2,54,27,,169,6,0,340,26,6,"{'match_id': 179, 'match_date': '2016-03-04', 'venue_id': 10, 'venue_name': 'Indira Gandhi Indoor Stadium, New Delhi', 'team_id': 4, 'team_name': 'Bengal Warriors', 'highest_score': 41}",3,16,"{'match_id': 165, 'match_date': '2016-02-25', 'venue_id': 2, 'venue_name': 'Thyagaraj Sports Complex, Delhi', 'team1_id': 1, 'team1_name': 'Bengaluru Bulls', 'team1_score': 18, 'team2_id': 5, 'team2_name': 'U Mumba', 'team2_score': 39, 'max_win_margin': 21}",U Mumba,0,60,42,211,685,1,0,-35,0,1,3,"Pro Kabaddi League Season 3, 2016",0,37,206,163,7,6,,169,51,329,5,,51,Rakesh Kumar,88,Mohit Chhillar,71,46,Rishank Devadiga,94,106,169,253,166,139,13,4
3,30,15,,121,11,1,275,21,5,"{'match_id': 237, 'match_date': '2016-07-27', 'venue_id': 2, 'venue_name': 'Thyagaraj Sports Complex, Delhi', 'team_id': 2, 'team_name': 'Dabang Delhi K.C.', 'highest_score': 38}",6,14,"{'match_id': 197, 'match_date': '2016-07-03', 'venue_id': 9, 'venue_name': 'Gachibowli Indoor Stadium, Hyderabad', 'team1_id': 4, 'team1_name': 'Bengal Warriors', 'team1_score': 18, 'team2_id': 5, 'team2_name': 'U Mumba', 'team2_score': 26, 'max_win_margin': 8}",U Mumba,0,42,63,164,594,4,0,60,0,0,4,"Pro Kabaddi League Season 4, 2016",0,38,188,110,4,11,,121,41,293,5,,70,Rakesh Kumar,88,PO Surjeet Singh,322,37,Anup Kumar,29,72,121,227,183,131,7,1
4,42,21,,202,26,0,422,44,13,"{'match_id': 354, 'match_date': '2017-09-09', 'venue_id': 14, 'venue_name': 'Motilal Nehru School of Sports, Rai, Sonepat', 'team_id': 6, 'team_name': 'Patna Pirates', 'highest_score': 51}",12,22,"{'match_id': 299, 'match_date': '2017-08-05', 'venue_id': 17, 'venue_name': 'Mankapur Indoor Stadium, Nagpur', 'team1_id': 5, 'team1_name': 'U Mumba', 'team1_score': 36, 'team2_id': 2, 'team2_name': 'Dabang Delhi K.C.', 'team2_score': 22, 'max_win_margin': 14}",U Mumba,0,56,121,298,963,4,0,106,0,0,8,"Pro Kabaddi League Season 5, 2017",0,44,322,176,10,26,,202,37,539,5,,47,Kuldeep Singh,252,Surinder Singh,733,58,Kashiling Adake,58,114,202,419,363,219,10,1
5,82,41,,289,15,2,410,26,20,"{'match_id': 639, 'match_date': '2018-10-13', 'venue_id': 14, 'venue_name': 'Motilal Nehru School of Sports, Rai, Sonepat', 'team_id': 28, 'team_name': 'Haryana Steelers', 'highest_score': 53}",6,23,"{'match_id': 639, 'match_date': '2018-10-13', 'venue_id': 14, 'venue_name': 'Motilal Nehru School of Sports, Rai, Sonepat', 'team1_id': 28, 'team1_name': 'Haryana Steelers', 'team1_score': 26, 'team2_id': 5, 'team2_name': 'U Mumba', 'team2_score': 53, 'max_win_margin': 27}",U Mumba,0,86,87,372,978,2,0,-103,0,0,26,"Pro Kabaddi League Season 6, 2018",0,47,372,274,15,15,,289,52,558,5,,51,Vinod Kumar,764,Fazel Atrachali,259,83,Siddharth Sirish Desai,2026,218,289,459,284,196,15,0
6,50,25,,175,16,1,325,32,8,"{'match_id': 1752, 'match_date': '2019-08-31', 'venue_id': 1, 'venue_name': 'Sree Kanteerava Stadium, Bengaluru', 'team_id': 3, 'team_name': 'Jaipur Pink Panthers', 'highest_score': 47}",8,18,"{'match_id': 1752, 'match_date': '2019-08-31', 'venue_id': 1, 'venue_name': 'Sree Kanteerava Stadium, Bengaluru', 'team1_id': 5, 'team1_name': 'U Mumba', 'team1_score': 47, 'team2_id': 3, 'team2_name': 'Jaipur Pink Panthers', 'team2_score': 21, 'max_win_margin': 26}",U Mumba,0,54,64,240,729,5,0,21,,,49,"Pro Kabaddi League Season 7, 2019",,42,238,161,7,16,,175,46,377,5,,58,Sandeep Narwal,142,Fazel Atrachali,259,57,Abhishek Singh,2028,108,175,304,216,166,9,0
0,46,23,,201,19,4,423,54,16,"{'match_id': 406, 'match_date': '2017-10-12', 'venue_id': 3, 'venue_name': 'Sawai Mansingh Stadium, Jaipur', 'team_id': 3, 'team_name': 'Jaipur Pink Panthers', 'highest_score': 53}",11,23,"{'match_id': 382, 'match_date': '2017-09-27', 'venue_id': 2, 'venue_name': 'Thyagaraj Sports Complex, Delhi', 'team1_id': 2, 'team1_name': 'Dabang Delhi K.C.', 'team1_score': 16, 'team2_id': 30, 'team2_name': 'U.P. Yoddha', 'team2_score': 45, 'max_win_margin': 29}",U.P. Yoddha,0,60,114,347,1002,3,0,58,0,0,8,"Pro Kabaddi League Season 5, 2017",0,46,358,183,23,19,,201,36,551,30,,33,Sagar B Krishna,347,Nitesh Kumar,725,47,Nitin Tomar,320,167,201,461,368,221,8,1
1,52,26,,265,27,4,456,46,12,"{'match_id': 739, 'match_date': '2018-12-16', 'venue_id': 25, 'venue_name': 'Tau Devilal Sports Complex, Panchkula', 'team_id': 6, 'team_name': 'Patna Pirates', 'highest_score': 47}",11,25,"{'match_id': 739, 'match_date': '2018-12-16', 'venue_id': 25, 'venue_name': 'Tau Devilal Sports Complex, Panchkula', 'team1_id': 6, 'team1_name': 'Patna Pirates', 'team1_score': 31, 'team2_id': 30, 'team2_name': 'U.P. Yoddha', 'team2_score': 47, 'max_win_margin': 16}",U.P. Yoddha,0,57,131,318,1068,3,0,102,0,0,26,"Pro Kabaddi League Season 6, 2018",0,42,357,240,10,27,,265,45,594,30,,68,Sachin Kumar,218,Nitesh Kumar,725,100,Prashanth Kumar Rai,155,144,265,449,354,255,10,1
2,42,21,,192,16,2,356,28,3,"{'match_id': 1785, 'match_date': '2019-09-21', 'venue_id': 3, 'venue_name': 'Sawai Mansingh Stadium, Jaipur', 'team_id': 29, 'team_name': 'Tamil Thalaivas', 'highest_score': 42}",6,18,"{'match_id': 1785, 'match_date': '2019-09-21', 'venue_id': 3, 'venue_name': 'Sawai Mansingh Stadium, Jaipur', 'team1_id': 30, 'team1_name': 'U.P. Yoddha', 'team1_score': 42, 'team2_id': 29, 'team2_name': 'Tamil Thalaivas', 'team2_score': 22, 'max_win_margin': 20}",U.P. Yoddha,0,58,70,219,757,4,0,77,,,49,"Pro Kabaddi League Season 7, 2019",,38,223,177,5,16,,192,46,415,30,,8,Mohsen Maghsoudloujafari,567,Sumit,2330,61,Shrikant Jadhav,106,114,192,289,238,178,10,0
